part_id,on_hand_units,daily_demand_units,safety_stock_units
PRT-0001,828,23,276
PRT-0002,855,19,285
PRT-0003,1305,15,360
PRT-0004,1309,17,374
PRT-0005,92,4,44
PRT-0006,294,7,182
PRT-0007,450,18,306
PRT-0008,396,22,396
PRT-0009,84,3,78
PRT-0010,585,9,180
PRT-0011,300,12,276
PRT-0012,1426,23,529
PRT-0013,1199,11,176
PRT-0014,1485,27,648
PRT-0015,2050,25,600
PRT-0016,1177,11,121
PRT-0017,150,10,210
PRT-0018,185,5,80
PRT-0019,2916,27,594
PRT-0020,2184,24,552
PRT-0021,2225,25,650
PRT-0022,126,6,174
PRT-0023,780,26,390
PRT-0024,1100,22,440
PRT-0025,864,18,306
PRT-0026,343,7,196
PRT-0027,810,9,207
PRT-0028,408,12,264
PRT-0029,1278,18,342
PRT-0030,297,3,57
PRT-0031,684,19,361
PRT-0032,988,13,208
PRT-0033,1575,25,500
PRT-0034,308,14,406
PRT-0035,2093,23,575
PRT-0036,927,9,243
PRT-0037,275,5,130
PRT-0038,1122,17,357
PRT-0039,1083,19,494
PRT-0040,420,21,336
PRT-0041,375,15,210
PRT-0042,372,6,144
PRT-0043,742,7,126
PRT-0044,2133,27,567
PRT-0045,1391,13,208
PRT-0046,725,25,275
PRT-0047,228,3,57
PRT-0048,782,23,322
PRT-0049,68,2,50
PRT-0050,300,10,290
PRT-0051,2016,21,210
PRT-0052,156,12,168
PRT-0053,1275,25,250
PRT-0054,714,17,187
PRT-0055,450,15,285
PRT-0056,1134,18,216
PRT-0057,817,19,323
PRT-0058,120,2,60
PRT-0059,1825,25,525
PRT-0060,1620,27,486
PRT-0061,1575,15,390
PRT-0062,2000,20,440
PRT-0063,52,2,54
PRT-0064,2288,22,418
PRT-0065,1248,16,192
PRT-0066,414,9,126
PRT-0067,1593,27,378
PRT-0068,258,6,60
PRT-0069,36,3,72
PRT-0070,270,3,54
PRT-0071,1890,18,252
PRT-0072,1404,18,234
PRT-0073,448,7,154
PRT-0074,832,26,468
PRT-0075,221,17,493
PRT-0076,249,3,90
PRT-0077,1378,13,390
PRT-0078,384,24,528
PRT-0079,148,2,54
PRT-0080,456,6,180
PRT-0081,279,9,243
PRT-0082,940,20,280
PRT-0083,2133,27,270
PRT-0084,856,8,104
PRT-0085,2700,27,594
PRT-0086,42,2,60
PRT-0087,2236,26,338
PRT-0088,1260,18,504
PRT-0089,1344,24,456
PRT-0090,840,14,210
