part_id,part_name,category,criticality,supplier_id,unit_cost
PRT-0001,Structure Assembly 001,Structures,High,SUP-028,223.87
PRT-0001,Structure Assembly 001,Structures,High,SUP-036,219.19
PRT-0002,Avionic Assembly 002,Avionics,Standard,SUP-013,366.92
PRT-0003,Avionic Assembly 003,Avionics,Standard,SUP-040,524.84
PRT-0003,Avionic Assembly 003,Avionics,Standard,SUP-031,549.1
PRT-0004,Propulsion Assembly 004,Propulsion,Standard,SUP-009,339.62
PRT-0004,Propulsion Assembly 004,Propulsion,Standard,SUP-038,345.79
PRT-0005,Avionic Assembly 005,Avionics,Critical,SUP-007,288.64
PRT-0006,Avionic Assembly 006,Avionics,Critical,SUP-014,245.2
PRT-0007,Interior Assembly 007,Interiors,Standard,SUP-018,157.18
PRT-0008,Electrical Assembly 008,Electrical,Standard,SUP-026,472.69
PRT-0008,Electrical Assembly 008,Electrical,Standard,SUP-007,542.4
PRT-0008,Electrical Assembly 008,Electrical,Standard,SUP-014,466.04
PRT-0009,Structure Assembly 009,Structures,Standard,SUP-030,157.73
PRT-0009,Structure Assembly 009,Structures,Standard,SUP-028,183.91
PRT-0010,Propulsion Assembly 010,Propulsion,Standard,SUP-007,207.62
PRT-0010,Propulsion Assembly 010,Propulsion,Standard,SUP-037,192.25
PRT-0010,Propulsion Assembly 010,Propulsion,Standard,SUP-013,201.54
PRT-0011,Electrical Assembly 011,Electrical,Standard,SUP-010,269.69
PRT-0012,Interior Assembly 012,Interiors,High,SUP-002,851.11
PRT-0012,Interior Assembly 012,Interiors,High,SUP-022,773.56
PRT-0013,Propulsion Assembly 013,Propulsion,High,SUP-026,328.75
PRT-0013,Propulsion Assembly 013,Propulsion,High,SUP-037,292.61
PRT-0013,Propulsion Assembly 013,Propulsion,High,SUP-016,323.03
PRT-0014,Avionic Assembly 014,Avionics,High,SUP-010,89.65
PRT-0014,Avionic Assembly 014,Avionics,High,SUP-036,90.15
PRT-0015,Electrical Assembly 015,Electrical,Standard,SUP-007,135.87
PRT-0015,Electrical Assembly 015,Electrical,Standard,SUP-032,163.93
PRT-0016,Avionic Assembly 016,Avionics,Standard,SUP-036,900.4
PRT-0017,Electrical Assembly 017,Electrical,High,SUP-004,12.21
PRT-0018,Interior Assembly 018,Interiors,Critical,SUP-005,71.48
PRT-0019,Electrical Assembly 019,Electrical,High,SUP-026,244.88
PRT-0020,Electrical Assembly 020,Electrical,High,SUP-003,74.57
PRT-0021,Propulsion Assembly 021,Propulsion,High,SUP-005,151.32
PRT-0021,Propulsion Assembly 021,Propulsion,High,SUP-003,141.87
PRT-0022,Fastener Assembly 022,Fasteners,High,SUP-014,72.68
PRT-0022,Fastener Assembly 022,Fasteners,High,SUP-037,75.81
PRT-0022,Fastener Assembly 022,Fasteners,High,SUP-008,77.57
PRT-0023,Fastener Assembly 023,Fasteners,Standard,SUP-020,156.89
PRT-0024,Propulsion Assembly 024,Propulsion,High,SUP-016,59.07
PRT-0025,Structure Assembly 025,Structures,Standard,SUP-009,737.86
PRT-0025,Structure Assembly 025,Structures,Standard,SUP-018,740.89
PRT-0025,Structure Assembly 025,Structures,Standard,SUP-024,622.72
PRT-0026,Fastener Assembly 026,Fasteners,Standard,SUP-012,298.35
PRT-0027,Electrical Assembly 027,Electrical,Critical,SUP-001,627.89
PRT-0027,Electrical Assembly 027,Electrical,Critical,SUP-032,655.66
PRT-0027,Electrical Assembly 027,Electrical,Critical,SUP-034,726.67
PRT-0028,Propulsion Assembly 028,Propulsion,Standard,SUP-008,128.26
PRT-0028,Propulsion Assembly 028,Propulsion,Standard,SUP-010,117.5
PRT-0029,Structure Assembly 029,Structures,High,SUP-020,516.32
PRT-0029,Structure Assembly 029,Structures,High,SUP-002,548.6
PRT-0030,Interior Assembly 030,Interiors,High,SUP-034,153.44
PRT-0031,Electrical Assembly 031,Electrical,Critical,SUP-030,97.31
PRT-0032,Interior Assembly 032,Interiors,High,SUP-007,68.51
PRT-0033,Structure Assembly 033,Structures,Standard,SUP-016,931.65
PRT-0033,Structure Assembly 033,Structures,Standard,SUP-008,895.56
PRT-0034,Structure Assembly 034,Structures,High,SUP-015,655.34
PRT-0035,Structure Assembly 035,Structures,High,SUP-010,408.65
PRT-0036,Interior Assembly 036,Interiors,High,SUP-007,163.39
PRT-0037,Structure Assembly 037,Structures,Standard,SUP-015,710.01
PRT-0038,Structure Assembly 038,Structures,High,SUP-036,99.61
PRT-0038,Structure Assembly 038,Structures,High,SUP-014,98.91
PRT-0039,Electrical Assembly 039,Electrical,Critical,SUP-023,580.13
PRT-0039,Electrical Assembly 039,Electrical,Critical,SUP-032,668.67
PRT-0039,Electrical Assembly 039,Electrical,Critical,SUP-005,618.68
PRT-0040,Structure Assembly 040,Structures,Standard,SUP-004,171.55
PRT-0041,Fastener Assembly 041,Fasteners,Standard,SUP-004,260.51
PRT-0042,Structure Assembly 042,Structures,Critical,SUP-017,609.82
PRT-0043,Propulsion Assembly 043,Propulsion,Critical,SUP-036,40.14
PRT-0043,Propulsion Assembly 043,Propulsion,Critical,SUP-028,38.47
PRT-0044,Electrical Assembly 044,Electrical,Standard,SUP-019,101.86
PRT-0045,Structure Assembly 045,Structures,High,SUP-021,1374.28
PRT-0045,Structure Assembly 045,Structures,High,SUP-008,1223.9
PRT-0045,Structure Assembly 045,Structures,High,SUP-013,1272.98
PRT-0046,Fastener Assembly 046,Fasteners,Standard,SUP-038,31.44
PRT-0046,Fastener Assembly 046,Fasteners,Standard,SUP-001,32.01
PRT-0047,Structure Assembly 047,Structures,High,SUP-026,420.07
PRT-0048,Propulsion Assembly 048,Propulsion,Critical,SUP-008,357.28
PRT-0048,Propulsion Assembly 048,Propulsion,Critical,SUP-033,371.53
PRT-0048,Propulsion Assembly 048,Propulsion,Critical,SUP-019,365.48
PRT-0049,Fastener Assembly 049,Fasteners,Critical,SUP-040,239.18
PRT-0049,Fastener Assembly 049,Fasteners,Critical,SUP-017,228.03
PRT-0050,Avionic Assembly 050,Avionics,High,SUP-025,272.05
PRT-0050,Avionic Assembly 050,Avionics,High,SUP-022,268.66
PRT-0051,Electrical Assembly 051,Electrical,Critical,SUP-026,210.76
PRT-0051,Electrical Assembly 051,Electrical,Critical,SUP-029,236.42
PRT-0052,Fastener Assembly 052,Fasteners,Standard,SUP-027,324.14
PRT-0052,Fastener Assembly 052,Fasteners,Standard,SUP-015,349.97
PRT-0053,Electrical Assembly 053,Electrical,Critical,SUP-007,111.82
PRT-0053,Electrical Assembly 053,Electrical,Critical,SUP-005,123.1
PRT-0054,Interior Assembly 054,Interiors,Critical,SUP-008,353.14
PRT-0054,Interior Assembly 054,Interiors,Critical,SUP-027,338.52
PRT-0055,Propulsion Assembly 055,Propulsion,Critical,SUP-011,85.07
PRT-0055,Propulsion Assembly 055,Propulsion,Critical,SUP-007,73.16
PRT-0056,Avionic Assembly 056,Avionics,Standard,SUP-025,209.51
PRT-0057,Fastener Assembly 057,Fasteners,Standard,SUP-024,156.05
PRT-0057,Fastener Assembly 057,Fasteners,Standard,SUP-003,157.88
PRT-0058,Interior Assembly 058,Interiors,High,SUP-024,300.62
PRT-0058,Interior Assembly 058,Interiors,High,SUP-036,287.96
PRT-0059,Structure Assembly 059,Structures,Standard,SUP-035,97.82
PRT-0059,Structure Assembly 059,Structures,Standard,SUP-002,103.69
PRT-0060,Structure Assembly 060,Structures,Standard,SUP-034,95.55
PRT-0061,Electrical Assembly 061,Electrical,High,SUP-015,62.65
PRT-0061,Electrical Assembly 061,Electrical,High,SUP-007,58.23
PRT-0062,Structure Assembly 062,Structures,High,SUP-036,272.81
PRT-0062,Structure Assembly 062,Structures,High,SUP-029,233.34
PRT-0062,Structure Assembly 062,Structures,High,SUP-008,259.79
PRT-0063,Electrical Assembly 063,Electrical,Standard,SUP-026,122.3
PRT-0063,Electrical Assembly 063,Electrical,Standard,SUP-035,131.78
PRT-0063,Electrical Assembly 063,Electrical,Standard,SUP-004,118.74
PRT-0064,Electrical Assembly 064,Electrical,Standard,SUP-024,139.55
PRT-0064,Electrical Assembly 064,Electrical,Standard,SUP-040,140.31
PRT-0065,Electrical Assembly 065,Electrical,High,SUP-009,411.34
PRT-0065,Electrical Assembly 065,Electrical,High,SUP-026,424.8
PRT-0066,Electrical Assembly 066,Electrical,High,SUP-015,93.39
PRT-0066,Electrical Assembly 066,Electrical,High,SUP-018,109.01
PRT-0067,Fastener Assembly 067,Fasteners,Critical,SUP-026,533.58
PRT-0067,Fastener Assembly 067,Fasteners,Critical,SUP-020,558.92
PRT-0068,Propulsion Assembly 068,Propulsion,Standard,SUP-009,172.08
PRT-0069,Avionic Assembly 069,Avionics,High,SUP-037,109.37
PRT-0070,Electrical Assembly 070,Electrical,High,SUP-028,98.29
PRT-0071,Propulsion Assembly 071,Propulsion,High,SUP-030,49.79
PRT-0071,Propulsion Assembly 071,Propulsion,High,SUP-035,43.84
PRT-0071,Propulsion Assembly 071,Propulsion,High,SUP-039,45.84
PRT-0072,Fastener Assembly 072,Fasteners,Standard,SUP-032,691.08
PRT-0072,Fastener Assembly 072,Fasteners,Standard,SUP-014,756.74
PRT-0073,Structure Assembly 073,Structures,Standard,SUP-008,216.04
PRT-0074,Avionic Assembly 074,Avionics,Critical,SUP-020,22.71
PRT-0074,Avionic Assembly 074,Avionics,Critical,SUP-016,25.53
PRT-0075,Interior Assembly 075,Interiors,High,SUP-003,112.42
PRT-0076,Interior Assembly 076,Interiors,High,SUP-009,307.94
PRT-0076,Interior Assembly 076,Interiors,High,SUP-019,307.49
PRT-0076,Interior Assembly 076,Interiors,High,SUP-008,285.4
PRT-0077,Structure Assembly 077,Structures,High,SUP-006,204.64
PRT-0078,Interior Assembly 078,Interiors,High,SUP-021,199.01
PRT-0078,Interior Assembly 078,Interiors,High,SUP-019,187.07
PRT-0078,Interior Assembly 078,Interiors,High,SUP-006,173.12
PRT-0079,Fastener Assembly 079,Fasteners,Standard,SUP-005,217.87
PRT-0080,Electrical Assembly 080,Electrical,Critical,SUP-034,197.76
PRT-0080,Electrical Assembly 080,Electrical,Critical,SUP-035,177.09
PRT-0081,Fastener Assembly 081,Fasteners,High,SUP-028,92.43
PRT-0081,Fastener Assembly 081,Fasteners,High,SUP-003,98.6
PRT-0082,Fastener Assembly 082,Fasteners,High,SUP-007,78.49
PRT-0082,Fastener Assembly 082,Fasteners,High,SUP-024,78.42
PRT-0082,Fastener Assembly 082,Fasteners,High,SUP-027,79.88
PRT-0083,Avionic Assembly 083,Avionics,Standard,SUP-029,142.38
PRT-0084,Electrical Assembly 084,Electrical,Standard,SUP-039,233.45
PRT-0084,Electrical Assembly 084,Electrical,Standard,SUP-018,243.42
PRT-0084,Electrical Assembly 084,Electrical,Standard,SUP-014,259.26
PRT-0085,Propulsion Assembly 085,Propulsion,High,SUP-016,63.94
PRT-0086,Structure Assembly 086,Structures,Critical,SUP-031,98.69
PRT-0086,Structure Assembly 086,Structures,Critical,SUP-014,97.29
PRT-0086,Structure Assembly 086,Structures,Critical,SUP-007,92.94
PRT-0087,Structure Assembly 087,Structures,Critical,SUP-012,164.8
PRT-0087,Structure Assembly 087,Structures,Critical,SUP-039,162.25
PRT-0088,Interior Assembly 088,Interiors,High,SUP-029,1266.26
PRT-0088,Interior Assembly 088,Interiors,High,SUP-005,1247.09
PRT-0089,Propulsion Assembly 089,Propulsion,Critical,SUP-017,159.08
PRT-0090,Propulsion Assembly 090,Propulsion,High,SUP-018,404.66
PRT-0090,Propulsion Assembly 090,Propulsion,High,SUP-030,401.17
